{"cameraMode":{"drawMode":0,"name":"Shaded","section":"Shading Mode"},"sceneLighting":true,"audioPlay":false,"sceneViewState":{"showFog":true,"showMaterialUpdate":true,"showSkybox":true,"showFlares":true,"showImageEffects":true,"showParticleSystems":true},"in2DMode":false,"pivot":{"x":4.155402660369873,"y":-3.2025554180145265,"z":18.370182037353517},"rotation":{"x":-0.14051921665668488,"y":0.36536914110183718,"z":-0.055896975100040439,"w":-0.9185044169425964},"size":4.057371139526367,"orthographic":false}