{"cameraMode":{"drawMode":0,"name":"Shaded","section":"Shading Mode"},"sceneLighting":true,"audioPlay":false,"sceneViewState":{"showFog":true,"showMaterialUpdate":true,"showSkybox":true,"showFlares":true,"showImageEffects":true,"showParticleSystems":true},"in2DMode":false,"pivot":{"x":2.9128494262695314,"y":0.4299659729003906,"z":-5.118568420410156},"rotation":{"x":-0.08941639214754105,"y":0.8568238019943237,"z":-0.15884722769260407,"w":-0.4823126196861267},"size":83.4921646118164,"orthographic":false}