{"cameraMode":{"drawMode":0,"name":"Shaded","section":"Shading Mode"},"sceneLighting":true,"audioPlay":false,"sceneViewState":{"showFog":true,"showMaterialUpdate":true,"showSkybox":true,"showFlares":true,"showImageEffects":true,"showParticleSystems":true},"in2DMode":false,"pivot":{"x":-17.876068115234376,"y":-21.14099884033203,"z":19.268043518066408},"rotation":{"x":-0.19052381813526154,"y":-0.4607183635234833,"z":0.10196661949157715,"w":-0.8608478903770447},"size":510.9283752441406,"orthographic":false}