{"cameraMode":{"drawMode":0,"name":"Shaded","section":"Shading Mode"},"sceneLighting":true,"audioPlay":false,"sceneViewState":{"showFog":true,"showMaterialUpdate":true,"showSkybox":true,"showFlares":true,"showImageEffects":true,"showParticleSystems":true},"in2DMode":false,"pivot":{"x":-0.32350778579711916,"y":0.6020737886428833,"z":0.19962358474731446},"rotation":{"x":-0.08941639214754105,"y":0.8568238019943237,"z":-0.15884722769260407,"w":-0.4823126196861267},"size":173.73341369628907,"orthographic":false}