{"cameraMode":{"drawMode":0,"name":"Shaded","section":"Shading Mode"},"sceneLighting":true,"audioPlay":false,"sceneViewState":{"showFog":true,"showMaterialUpdate":true,"showSkybox":true,"showFlares":true,"showImageEffects":true,"showParticleSystems":true},"in2DMode":false,"pivot":{"x":16.700000762939454,"y":-1.7999999523162842,"z":5.599999904632568},"rotation":{"x":-0.0016180454986169935,"y":-0.4492315948009491,"z":0.000811130681540817,"w":-0.8934208154678345},"size":16.52118682861328,"orthographic":false}