{"cameraMode":{"drawMode":0,"name":"Shaded","section":"Shading Mode"},"sceneLighting":true,"audioPlay":false,"sceneViewState":{"showFog":true,"showMaterialUpdate":true,"showSkybox":true,"showFlares":true,"showImageEffects":true,"showParticleSystems":true},"in2DMode":false,"pivot":{"x":-25.644317626953126,"y":-18.917030334472658,"z":19.101470947265626},"rotation":{"x":-0.07588361203670502,"y":0.8952440619468689,"z":-0.16735997796058656,"w":-0.40592724084854128},"size":2598.59423828125,"orthographic":false}