{"cameraMode":{"drawMode":0,"name":"Shaded","section":"Shading Mode"},"sceneLighting":true,"audioPlay":false,"sceneViewState":{"showFog":true,"showMaterialUpdate":true,"showSkybox":true,"showFlares":true,"showImageEffects":true,"showParticleSystems":true},"in2DMode":false,"pivot":{"x":24.172576904296876,"y":13.853137969970704,"z":-57.03449249267578},"rotation":{"x":-0.07588361203670502,"y":0.8952440619468689,"z":-0.16735997796058656,"w":-0.40592724084854128},"size":126.0718765258789,"orthographic":false}